model,rmse
naive,3.533325899913462
ma_5,5.607020162122516
lstm,15.082688994004133
random_forest,39.15627811744777
